date,username,campaign,action
12/16/17,hzlhillary,General,liked
12/16/17,manisha_seetharam_r,General,liked
12/16/17,hotties1212,General,liked
12/16/17,lani.e.mese,General,liked
12/16/17,doriskun85,General,liked
12/16/17,svetlanakroitoru,General,liked
12/16/17,martemide,General,liked
12/16/17,nari.cho,General,liked
12/16/17,thefaithwall,General,liked
12/16/17,becshollander84,General,liked
12/16/17,saurclaudia,General,liked
12/16/17,bokcan82,General,liked
12/18/17,babycooluruguay,General,liked
12/18/17,babycooluruguay,General,followed
12/18/17,melinteriordesign,General,liked
12/18/17,melinteriordesign,General,followed
12/18/17,funimalsstore,General,liked
12/18/17,pamelafitfashionable6,General,liked
12/18/17,xchrxssx,General,liked
12/18/17,xchrxssx,General,followed
12/18/17,muhamad_ali_official,General,liked
12/18/17,tinytotsstore,General,liked
12/18/17,tinytotsstore,General,commented
12/18/17,tinytotsstore,General,followed
12/18/17,minichouboutique,General,liked
12/18/17,minichouboutique,General,followed
12/19/17,cozy.home.by.c,General,liked
12/19/17,cozy.home.by.c,General,commented
12/19/17,cozy.home.by.c,General,followed
12/19/17,tiffany.houck,General,liked
12/19/17,payettefamily,General,liked
12/19/17,naesta23_,General,liked
12/19/17,naesta23_,General,followed
12/19/17,hj_cho0818,General,liked
12/19/17,hj_cho0818,General,followed
12/19/17,photosbymarietta,General,liked
12/19/17,joaogpz,General,liked
12/19/17,joaogpz,General,followed
12/19/17,summmerxwilliams,General,liked
12/19/17,summmerxwilliams,General,followed
12/19/17,essentialfrequency,General,liked
12/19/17,essentialfrequency,General,followed
12/19/17,aina_o_s,General,liked
12/19/17,victoria_ashlynn_,General,liked
12/19/17,martinasol5,General,liked
12/19/17,martinasol5,General,followed
12/19/17,wiles.leept77,General,liked
12/19/17,wiles.leept77,General,commented
12/19/17,wiles.leept77,General,followed
12/19/17,wiles.leept77,General,liked
12/19/17,wiles.leept77,General,liked
12/19/17,iselasbbows,General,liked
12/19/17,iselasbbows,General,commented
12/19/17,loja_colo,General,liked
12/19/17,loja_colo,General,followed
12/19/17,b_rochelle,General,liked
12/19/17,cutiepatootiear,General,liked
12/19/17,cutiepatootiear,General,followed
12/19/17,sarv_studio_photography,General,liked
12/19/17,annelea_brunet,General,liked
12/19/17,annelea_brunet,General,followed
12/19/17,gokhanbildik0,General,liked
12/19/17,stacytheredhead,General,liked
12/19/17,addie.rae11,General,liked
12/19/17,pipietmaria,General,liked
12/19/17,jucapapho1970fgr,General,liked
12/19/17,jucapapho1970fgr,General,followed
12/19/17,artedaterrapr,General,liked
12/19/17,artedaterrapr,General,followed
12/19/17,messoriphotography,General,liked
12/19/17,messoriphotography,General,followed
12/19/17,sparachiodi,General,liked
12/19/17,sparachiodi,General,followed
12/19/17,curiosityforlife,General,liked
12/19/17,curiosityforlife,General,followed
12/19/17,azeneth.acuna1,General,liked
12/19/17,kitamargstew,General,liked
12/19/17,grace_n_glamur,General,liked
12/19/17,grace_n_glamur,General,followed
12/19/17,agrochowska,General,liked
12/19/17,grace_n_glamur,General,liked
12/19/17,_andzelika_kaliciak_,General,liked
12/19/17,_tattoos_by_bob_,General,liked
12/19/17,_tattoos_by_bob_,General,followed
12/19/17,fitforislandlife,General,liked
12/19/17,grace_n_glamur,General,liked
12/19/17,kitamargstew,General,liked
12/19/17,kitamargstew,General,followed
12/19/17,eyesinheim,General,liked
12/19/17,grace_n_glamur,General,liked
12/19/17,princess.gea.teuta,General,liked
12/19/17,princess.gea.teuta,General,followed
12/19/17,grace_n_glamur,General,liked
12/19/17,italianaa95,General,liked
12/19/17,grace_n_glamur,General,liked
12/19/17,grace_n_glamur,General,liked
12/19/17,momof3inaz,General,liked
12/19/17,momof3inaz,General,followed
12/19/17,yuvicelazv,General,liked
12/19/17,yuvicelazv,General,followed
12/19/17,annlaur_tsch,General,liked
12/19/17,annlaur_tsch,General,followed
12/19/17,bonaeblink,General,liked
12/19/17,bonaeblink,General,followed
12/19/17,grace_n_glamur,General,liked
12/19/17,giuliasszon,General,liked
12/19/17,808mai,General,liked
12/19/17,misfit6six,General,liked
12/19/17,giuliasszon,General,liked
12/19/17,giuliasszon,General,followed
12/19/17,i_prefer_my_puns_intended_,General,liked
12/19/17,josieb_love3,General,liked
12/19/17,josieb_love3,General,followed
12/19/17,melissafouberg,General,liked
12/19/17,melissafouberg,General,followed
12/19/17,ladyempire2013,General,liked
12/19/17,ladyempire2013,General,followed
12/19/17,hmadebythecottrells,General,liked
12/19/17,hmadebythecottrells,General,followed
12/19/17,nikistix1,General,liked
12/19/17,ash_leiy,General,liked
12/19/17,ash_leiy,General,followed
12/19/17,jamis_08,General,liked
12/20/17,sweetdevil0415,General,liked
12/20/17,sweetdevil0415,General,followed
12/20/17,merrycha09,General,liked
12/20/17,merrycha09,General,followed
12/20/17,lorithurrott,General,liked
12/20/17,hellensone,General,liked
12/20/17,nkd0828,General,liked
12/20/17,nkd0828,General,commented
12/20/17,estherfkim,General,liked
12/20/17,widdinatalia,General,liked
12/20/17,widdinatalia,General,followed
12/20/17,analeah_jenny,General,liked
12/20/17,analeah_jenny,General,followed
12/20/17,deamore_kar,General,liked
12/20/17,deamore_kar,General,followed
12/20/17,ambersparks84,General,liked
12/20/17,eugenaleung,General,liked
12/20/17,jins_oasis,General,liked
12/20/17,3nyessh,General,liked
12/20/17,3nyessh,General,followed
12/20/17,lesismore2012,General,liked
12/20/17,jjcrew76,General,liked
12/20/17,jjcrew76,General,followed
12/20/17,missbirita,General,liked
12/20/17,glazel.joy,General,liked
12/20/17,glazel.joy,General,followed
12/20/17,caliyah.plus.mommy,General,liked
12/20/17,mis_fit_gypsy,General,liked
12/20/17,neesheta,General,liked
12/20/17,neesheta,General,followed
12/20/17,coachjackeymansour,General,liked
12/20/17,coachjackeymansour,General,followed
12/20/17,goodplvgsofficial,General,liked
12/20/17,goodplvgsofficial,General,followed
12/20/17,lihoulihan,General,liked
12/20/17,jsynbrown,General,liked
12/20/17,javedababy,General,liked
12/20/17,javedababy,General,followed
12/20/17,jadeharris_a_little_pear,General,liked
12/20/17,jadeharris_a_little_pear,General,followed
12/20/17,naydelgado,General,liked
12/20/17,joselyn_tody,General,liked
12/20/17,un_fuck_witt_able,General,liked
12/20/17,jenifer129,General,liked
12/20/17,thoracis.is.lewd,General,liked
12/20/17,thoracis.is.lewd,General,followed
12/20/17,octavia.t.m,General,liked
12/20/17,evaanggelia,General,liked
12/20/17,evaanggelia,General,followed
12/20/17,d.michelle95,General,liked
12/20/17,rhiembo,General,liked
12/20/17,rhiembo,General,commented
12/20/17,angieroby89,General,liked
12/20/17,angieroby89,General,followed
12/20/17,jossyalvarez13,General,liked
12/20/17,jossyalvarez13,General,followed
12/20/17,octavia.t.m,General,liked
12/20/17,octavia.t.m,General,followed
12/20/17,couavillain,General,liked
12/20/17,wahwah2255,General,liked
12/20/17,wahwah2255,General,followed
12/20/17,goddancess,General,liked
12/20/17,octavia.t.m,General,liked
12/20/17,caldera07,General,liked
12/20/17,h.m_noh,General,liked
12/20/17,h.m_noh,General,followed
12/20/17,arielinwanderland,General,liked
12/20/17,alejandracalderon1,General,liked
12/20/17,alejandracalderon1,General,followed
12/20/17,h.m_noh,General,liked
12/20/17,malamelek,General,liked
12/20/17,wild.dear,General,liked
12/20/17,icecream2324,General,liked
12/20/17,icecream2324,General,followed
12/20/17,lyckliga,General,liked
12/20/17,se0908,General,liked
12/20/17,se0908,General,followed
12/20/17,baby_odeyalko,General,liked
12/20/17,iamjeztrish,General,liked
12/20/17,iamjeztrish,General,followed
12/20/17,photographyby_dee,General,liked
12/20/17,amommytobe18,General,liked
12/20/17,nikkiboo34,General,liked
12/20/17,nikkiboo34,General,followed
12/20/17,thegypsymomager,General,liked
12/20/17,thegypsymomager,General,followed
12/20/17,ohnolaina,General,liked
12/20/17,levan_58,General,liked
12/20/17,dwkarina,General,liked
12/20/17,dwkarina,General,followed
12/20/17,ladycomen,General,liked
12/20/17,documentation_photo,General,liked
12/20/17,documentation_photo,General,followed
12/20/17,kinderlyco,General,liked
12/20/17,kinderlyco,General,commented
12/20/17,kinderlyco,General,followed
12/20/17,azalfaqonita05,General,liked
12/20/17,azalfaqonita05,General,followed
12/20/17,yanagi_lei,General,liked
12/20/17,yanagi_lei,General,commented
12/20/17,ourminibros,General,liked
12/20/17,ourminibros,General,followed
12/20/17,gomson,General,liked
12/20/17,gomson,General,followed
12/20/17,da_je_lo_jo,General,liked
12/20/17,iz1101,General,liked
12/20/17,iz1101,General,followed
12/20/17,ourminibros,General,liked
12/20/17,paola_archi,General,liked
12/20/17,kidsonlystore,General,liked
12/20/17,sasha__ozerova,General,liked
12/20/17,sasha__ozerova,General,commented
12/20/17,limetube,General,liked
12/20/17,limetube,General,followed
01/05/18,barzan.__.barzani,General,followed
01/05/18,barzan.__.barzani,General,liked
01/06/18,kinderlyco,General,liked
01/06/18,kinderlyco,General,commented
01/08/18,sarahsbeautylashes,General,liked
01/09/18,bohemian_girl2017,General,liked
01/09/18,aldijanaak,General,liked
01/09/18,blackwhitereal,General,followed
01/09/18,babyevelynsun,General,liked
01/09/18,babyevelynsun,General,followed
01/09/18,welchphotographicart,General,liked
01/09/18,welchphotographicart,General,followed
01/09/18,adelafausteneghani,General,liked
01/13/18,after41weeks,General,liked
01/13/18,ottosmumma,General,liked
01/13/18,ottosmumma,General,followed
01/13/18,littlehomesuk,General,liked
01/13/18,littlehomesuk,General,followed
01/13/18,xbuttonupx,General,liked
01/13/18,xbuttonupx,General,followed
01/13/18,kaytravago,General,liked
01/13/18,kaytravago,General,followed
01/13/18,anna__dolly,General,liked
01/13/18,indivmama,General,liked
01/13/18,indivmama,General,followed
01/13/18,courtney.sparkles,General,liked
01/13/18,courtney.sparkles,General,followed
01/13/18,kaytravago,General,liked
01/13/18,katecain84,General,liked
01/13/18,bobbilicioushairaccessories,General,liked
01/13/18,nadinsokolova2016,General,liked
01/13/18,baby_elles_world,General,liked
01/13/18,niebieskie_migdaly_hand_made,General,liked
01/13/18,haekel_home,General,liked
01/13/18,durgesh_raut,General,liked
01/13/18,embarazada_amigas,General,liked
01/13/18,anastasiapavlikova,General,liked
01/13/18,babybaooficial,General,liked
01/13/18,lilly_land_decor,General,liked
01/13/18,ni.ni.ne,General,liked
01/13/18,mamyme_roberta,General,liked
01/13/18,febrinisandra,General,liked
01/13/18,michalinaaa_nadia,General,liked
01/13/18,pelinnsenoglu,General,liked
01/13/18,pelinnsenoglu,General,followed
01/13/18,syarennazel,General,liked
01/13/18,syarennazel,General,followed
01/13/18,ps.ewelina,General,liked
01/13/18,dinargita,General,liked
01/13/18,malvikasehgalkaura,General,liked
01/13/18,cazullo.cazullo,General,liked
01/13/18,domanicolor,General,liked
01/13/18,fanyling,General,liked
01/13/18,milena_petretti,General,liked
01/13/18,milena_petretti,General,followed
01/13/18,mwaaarie08,General,liked
01/13/18,mwaaarie08,General,followed
01/13/18,b1gf0rehead,General,liked
01/13/18,b1gf0rehead,General,followed
01/13/18,rhiannoniles,General,liked
01/13/18,bncwh,General,liked
01/13/18,lucca_d2014,General,liked
01/13/18,viaseptiarani,General,liked
01/13/18,viaseptiarani,General,followed
01/13/18,kirumagica,General,liked
01/13/18,h.kim_yujj,General,liked
01/13/18,h.kim_yujj,General,followed
01/13/18,a7tanner,General,liked
01/13/18,a7tanner,General,followed
01/13/18,milaxlunathedoxies,General,liked
01/13/18,milaxlunathedoxies,General,followed
01/13/18,crochetclementina,General,liked
01/13/18,ritalovespita,General,liked
01/13/18,ritalovespita,General,followed
01/13/18,sweetandsaltybyanita,General,liked
01/13/18,sweetandsaltybyanita,General,followed
01/13/18,cinde_huiyu,General,liked
01/13/18,cinde_huiyu,General,followed
01/13/18,fearlessjaybird,General,liked
01/13/18,tomanee_concon,General,liked
01/13/18,tomanee_concon,General,followed
01/13/18,redmanreptilefamily,General,liked
01/13/18,redmanreptilefamily,General,followed
01/13/18,elena.smz,General,liked
01/13/18,elena.smz,General,followed
01/13/18,mumys_regalardulzura,General,liked
01/13/18,portia_cruz,General,liked
01/13/18,portia_cruz,General,followed
01/13/18,queensgirl33,General,liked
01/13/18,madditru,General,liked
01/13/18,madditru,General,followed
01/13/18,_princess.aliyah,General,liked
01/13/18,baby_lala.at,General,liked
01/13/18,wilo.iam,General,liked
01/13/18,wilo.iam,General,followed
01/13/18,_iamsujung_,General,liked
01/13/18,____shalom,General,liked
01/13/18,____shalom,General,followed
01/13/18,ayahuaska.bar,General,liked
01/13/18,otemonster,General,liked
01/13/18,_kbals,General,liked
01/13/18,trinafilipina,General,liked
01/13/18,trinafilipina,General,followed
01/13/18,ha_gichan,General,liked
01/13/18,princess.nyan,General,liked
01/13/18,fotografia_de_bebes,General,liked
01/13/18,fotografia_de_bebes,General,followed
01/13/18,emanu.macondo,General,liked
01/13/18,emanu.macondo,General,followed
01/13/18,its_a_long__story,General,liked
01/13/18,its_a_long__story,General,followed
01/13/18,capcitychurch,General,liked
01/13/18,capcitychurch,General,followed
01/13/18,mumuchukids,General,liked
01/13/18,hadiputra_hpg,General,liked
01/13/18,ibukomandan,General,liked
01/13/18,iambeck_,General,liked
01/13/18,nataly_lem,General,liked
01/13/18,meandmypippa,General,liked
01/13/18,meandmypippa,General,followed
01/13/18,mijad,General,liked
01/13/18,mijad,General,followed
01/13/18,purebeautyhippiemama,General,liked
01/13/18,purebeautyhippiemama,General,followed
01/13/18,terabelle_,General,liked
01/13/18,terabelle_,General,followed
01/13/18,leahjue89,General,liked
01/13/18,mutterliebe3107_,General,liked
01/13/18,mutterliebe3107_,General,followed
01/22/18,_knc_222,General,liked
01/22/18,_knc_222,General,commented
01/22/18,femkefotografie,General,liked
01/22/18,tojamama,General,liked
01/22/18,tojamama,General,commented
01/22/18,izakorsak,General,liked
01/22/18,izakorsak,General,commented
01/22/18,tressmariass,General,liked
01/22/18,tressmariass,General,commented
01/22/18,betty_and_barnaby,General,liked
01/22/18,betty_and_barnaby,General,commented
01/22/18,betty_and_barnaby,General,followed
01/22/18,mumz.world,General,liked
01/22/18,mumz.world,General,followed
01/22/18,pocahontas.soul,General,liked
01/22/18,eva_schon,General,liked
01/22/18,eva_schon,General,commented
01/22/18,rosalienobody,General,liked
01/22/18,rosalienobody,General,commented
01/22/18,rosalienobody,General,followed
01/22/18,blushandbluenz,General,liked
01/22/18,blushandbluenz,General,commented
01/22/18,littlepineandco,General,liked
01/22/18,littlepineandco,General,followed
01/22/18,marlynhillphoto,General,liked
01/22/18,marlynhillphoto,General,commented
01/22/18,themorsetwins,General,liked
01/22/18,themorsetwins,General,commented
01/22/18,lauraparkerphoto,General,liked
01/22/18,lauraparkerphoto,General,commented
01/22/18,jimglib,General,liked
01/22/18,jimglib,General,commented
01/22/18,jodismi,General,liked
01/22/18,jodismi,General,commented
01/22/18,jodismi,General,followed
01/22/18,life.as.a.nelson,General,liked
01/22/18,life.as.a.nelson,General,commented
01/22/18,littledarlingoils,General,liked
01/22/18,littledarlingoils,General,commented
01/22/18,_milarina_,General,liked
01/22/18,_milarina_,General,commented
01/22/18,natishamarie,General,liked
01/22/18,natishamarie,General,commented
01/22/18,natishamarie,General,followed
01/22/18,archer_inspired,General,liked
01/22/18,nidhi_foundation,General,liked
01/22/18,nidhi_foundation,General,commented
01/22/18,sullivanresich,General,liked
01/22/18,sullivanresich,General,commented
01/22/18,sevi.koch,General,liked
01/22/18,sevi.koch,General,commented
01/22/18,nova_zou,General,liked
01/22/18,nova_zou,General,commented
01/22/18,danielle_fuller,General,liked
01/22/18,danielle_fuller,General,commented
01/22/18,mari_dk,General,liked
01/22/18,mari_dk,General,commented
01/22/18,febe_and_mishka_in_wonderland,General,liked
01/22/18,febe_and_mishka_in_wonderland,General,commented
01/22/18,ashleybridephoto,General,liked
01/22/18,ashleybridephoto,General,commented
01/22/18,down.brushwood.roadphotography,General,liked
01/22/18,down.brushwood.roadphotography,General,commented
01/22/18,kadymckeehandocumentary,General,liked
01/22/18,kadymckeehandocumentary,General,commented
01/24/18,sianeeson,General,liked
01/24/18,greysons_blw_foods,General,liked
01/24/18,greysons_blw_foods,General,followed
01/24/18,karonmurby,General,liked
01/24/18,karonmurby,General,followed
01/24/18,marissa_astolfi,General,liked
01/24/18,marissa_astolfi,General,liked
01/24/18,eam474,General,liked
01/24/18,eam474,General,commented
01/24/18,eam474,General,liked
01/24/18,shiringel,General,followed
01/24/18,shiringel,General,liked
01/24/18,orel_tzemah,General,liked
01/24/18,orel_tzemah,General,liked
01/24/18,martina.drechsel,General,liked
01/24/18,martina.drechsel,General,liked
01/24/18,martina.drechsel,General,commented
01/24/18,erangoldfeld,General,commented
01/24/18,erangoldfeld,General,liked
01/24/18,vanillathundr_,General,liked
01/24/18,oh.deer.oh,General,liked
01/24/18,oh.deer.oh,General,liked
01/25/18,krystalweirphotography,General,liked
01/25/18,yarin942,General,liked
01/25/18,tomsteinfeld,General,liked
01/25/18,tomsteinfeld,General,commented
01/25/18,tomsteinfeld,General,liked
01/25/18,numi_jewelry,General,liked
01/25/18,numi_jewelry,General,liked
01/25/18,numi_jewelry,General,commented
01/25/18,bearcoat_ruby,General,commented
01/25/18,bearcoat_ruby,General,liked
01/25/18,bearcoat_ruby,General,commented
01/27/18,hello.wholeness,General,liked
01/27/18,hello.wholeness,General,followed
01/27/18,divulgababiesekids,General,liked
01/27/18,divulgababiesekids,General,followed
01/27/18,caroandthebirdies,General,liked
01/27/18,saravazsilva07,General,liked
01/27/18,saravazsilva07,General,followed
01/27/18,seeme_thrumylens,General,liked
01/27/18,ccgorre,General,liked
01/27/18,antwanjermaine,General,liked
01/28/18,maggielove76,General,liked
01/28/18,suyosuyo,General,liked
01/29/18,leilani_016,General,liked
01/29/18,four.magpies,General,liked
01/29/18,lifewithemmagrace,General,liked
01/29/18,salmasaquaf,General,liked
01/29/18,girlnesting,General,liked
01/29/18,girlnesting,General,followed
01/29/18,rosalienobody,General,liked
01/29/18,rosalienobody,General,liked
01/29/18,rosalienobody,General,commented
01/30/18,divulgababiesekids,General,liked
01/30/18,divulgababiesekids,General,liked
01/30/18,divulgababiesekids,General,liked
01/30/18,aryazani,General,liked
01/30/18,aryazani,General,liked
01/30/18,saravazsilva07,General,liked
01/30/18,__clao___,General,liked
01/30/18,__clao___,General,liked
01/30/18,divulgababiesekids,General,liked
01/30/18,rosalienobody,General,liked
01/30/18,scarlett.merritt,General,liked
01/30/18,lequin.jewelry,General,followed
01/30/18,hochzeit.event.messe.de,General,followed
01/30/18,hochzeit.event.messe.de,General,liked
01/30/18,hochzeit.event.messe.de,General,commented
01/30/18,hochzeit.event.messe.de,General,liked
01/30/18,mayumisalil,General,liked
